{
  "lr": 1.7035426763902017e-05,
  "weight_decay": 9.765914864146416e-05,
  "dropout_a": 0.3879340262352593,
  "dropout_b": 0.39361559146762404,
  "n_filters1": 160,
  "n_filters2": 96,
  "lstm_hidden_a": 64,
  "trend_hidden": 128,
  "fluct_hidden": 96,
  "n_layers": 1,
  "fc_hidden": 32,
  "cnn_out": 16,
  "n_params": 206432,
  "best_epoch": 24,
  "val_rmse_kw": 382.01
}